,,"Name (click to view profile)",Date,Likes,isHearted,isPinned,Comment,"Profile ID","Comment ID","Comment URL"
1,,@harshsoni7178,"2023-05-08 07:14:18",1,no,no,"Sir Neet Balo ki bhi banao",UCTkCOeSjO_L_CJyx1Fj0tPw,Ugzc-bL2Jv6uKui5kip4AaABAg,https://www.youtube.com/watch?v=gf9-SSAPURA&lc=Ugzc-bL2Jv6uKui5kip4AaABAg
2,,@AbhiRaj-gc2hf,"2023-05-08 07:32:41",2,no,no,"Hostel ke bare me jayada information dedijiye",UCRkTnGTDTHcKFF3Em-oMnhA,UgxmVcfzXeD-HF-iMlR4AaABAg,https://www.youtube.com/watch?v=gf9-SSAPURA&lc=UgxmVcfzXeD-HF-iMlR4AaABAg
3,,@nikhilmishra2039,"2023-05-08 09:30:25",2,no,no,"Charo  taraf hariyali hai 😂 so true",UCL87n_ETGL4DnG_2Xb48AoA,UgyvY-DCwKP4dx7gd8h4AaABAg,https://www.youtube.com/watch?v=gf9-SSAPURA&lc=UgyvY-DCwKP4dx7gd8h4AaABAg
4,,@parmeetsethi2223,"2023-05-08 09:36:17",76,no,no,"Dhruv Campus bi acha hai bhiya....meri sister ko join krwaya hai....residential services mai best lga bhiya hmko .....",UCIB0lOi6Jj_DJpfAhUL0EUg,UgziACvkycNVW43TJah4AaABAg,https://www.youtube.com/watch?v=gf9-SSAPURA&lc=UgziACvkycNVW43TJah4AaABAg
5,,@DevRaj-wi7gr,"2023-05-08 11:52:08",1,no,no,"Fee for coaching as well as accomodation.",UCvncIN7p3WDgrQgayP-t1Hg,UgwgoAKiJf7l12baYnp4AaABAg,https://www.youtube.com/watch?v=gf9-SSAPURA&lc=UgwgoAKiJf7l12baYnp4AaABAg
6,,@Sizzmedico,"2023-05-08 19:14:53",0,no,no,Ohk,UC7WFxoJwOLbdcGs2YAduHFQ,UgwY8BJyOgqaTSH31VV4AaABAg,https://www.youtube.com/watch?v=gf9-SSAPURA&lc=UgwY8BJyOgqaTSH31VV4AaABAg
7,,@Sizzmedico,"2023-05-08 19:16:07",0,no,no,"Wow amazing❤❤💯💯",UC7WFxoJwOLbdcGs2YAduHFQ,UgztyduuhZV8em_ZRgB4AaABAg,https://www.youtube.com/watch?v=gf9-SSAPURA&lc=UgztyduuhZV8em_ZRgB4AaABAg
8,,@prafullsingh2668,"2023-05-09 04:47:56",1,no,no,"ok bhiya",UCi_wbDQhBOn8ISJu0WXrESQ,UgzLmsNXZBNgQ4gOBM14AaABAg,https://www.youtube.com/watch?v=gf9-SSAPURA&lc=UgzLmsNXZBNgQ4gOBM14AaABAg
9,,@shobhitgahlot3347,"2023-05-09 05:47:43",0,no,no,Super,UCg5-RXFCXtrHUfWN7nHYThg,Ugw1Ya5ZZTzpXDD-fkl4AaABAg,https://www.youtube.com/watch?v=gf9-SSAPURA&lc=Ugw1Ya5ZZTzpXDD-fkl4AaABAg
10,,@ashokmee8613,"2023-05-09 06:17:17",0,no,no,"Sid bhai pncf ke fees and four centers kon kon se h kota me pncf ke",UCn8Hfle7f4CTgp2M0VU0ljg,UgytSM0_ThSx3aHjIcZ4AaABAg,https://www.youtube.com/watch?v=gf9-SSAPURA&lc=UgytSM0_ThSx3aHjIcZ4AaABAg
11,,@Jaifromchina86,"2023-05-10 10:40:08",1,no,no,🤗🤗😘🙏,UCMdKoDKxgRH-c3EqUyN3TGg,Ugyc4Jxbfj1WxUGKt5d4AaABAg,https://www.youtube.com/watch?v=gf9-SSAPURA&lc=Ugyc4Jxbfj1WxUGKt5d4AaABAg
12,,@rakhipandey9512,"2023-05-11 08:43:09",19,no,no,"Definitely this is awesome place where we can send our child. 
Undoubtedly this campus is same as shown in video my son is in this campus. 
One suggestion I want to pin please make a small place in school where we the parents can stay for one night when we visit to see our children. 
If we get this facility it will be so helpful for us and will be very convinient to visit. 

Thanks to team for taking good care of our kids.",UC_j8CzJdPWbBtufLPG5YNLA,Ugz1DfVQAiSWy8yGy-x4AaABAg,https://www.youtube.com/watch?v=gf9-SSAPURA&lc=Ugz1DfVQAiSWy8yGy-x4AaABAg
13,,@epicchadguy7417,"2023-05-15 09:18:35",0,no,no,"This is some china level shit let them enjoy their lives. jEE and NEET is not everything. AND STOP DELETING COMMENTS",UCShCVghZg4rxissqaU1HC6w,Ugy_axplyrbEJg77gGd4AaABAg,https://www.youtube.com/watch?v=gf9-SSAPURA&lc=Ugy_axplyrbEJg77gGd4AaABAg
14,,@prashantchavan789,"2023-05-27 09:53:50",3,no,no,Thanks,UCIQSs0KHOA5eIMue1r3qPnQ,Ugz2VK5W9ZJT92EU11Z4AaABAg,https://www.youtube.com/watch?v=gf9-SSAPURA&lc=Ugz2VK5W9ZJT92EU11Z4AaABAg
15,,@omprakashsingh2264,"2023-05-31 14:18:52",4,no,no,"Fees Kitna Hai bhai",UCXzEdTqPMaBhtmg65skpm4g,UgyVEgr7lwvvzB2cRy94AaABAg,https://www.youtube.com/watch?v=gf9-SSAPURA&lc=UgyVEgr7lwvvzB2cRy94AaABAg
16,,@RaviShankar-iy6rt,"2023-06-04 03:03:42",2,no,no,"Sir please tell me anual fee for class 7th of pncf for hostel and academic",UCQxSJN4RqNDf0cV5T3FMPCw,Ugzn_4P0A82VcL_-O814AaABAg,https://www.youtube.com/watch?v=gf9-SSAPURA&lc=Ugzn_4P0A82VcL_-O814AaABAg
17,,@anjanabhatt1896,"2023-06-04 05:43:23",2,no,no,"I am sitting on first bench middle row",UCbhVe71i-TE-SufrJu_4lQA,Ugyc51wtGpKytDxc2TR4AaABAg,https://www.youtube.com/watch?v=gf9-SSAPURA&lc=Ugyc51wtGpKytDxc2TR4AaABAg
18,,@Ranjanbxr772,"2023-06-08 10:32:38",6,no,no,"Monthly ya yearly fee क्या है।",UCGVVquHaYf0lDnODVg54ZMQ,Ugzt3TJAy4wQz6WsaAh4AaABAg,https://www.youtube.com/watch?v=gf9-SSAPURA&lc=Ugzt3TJAy4wQz6WsaAh4AaABAg
19,,@jayjeetkumar3440,"2023-06-12 12:51:13",4,no,no,"So good,but you have not explaine about fee of schooling &hostel? Without this how can we estimite our palin",UCKoCqwdrjxCBh7xbeMBqcZQ,UgzaJCQHDOVljzD_i_l4AaABAg,https://www.youtube.com/watch?v=gf9-SSAPURA&lc=UgzaJCQHDOVljzD_i_l4AaABAg
20,,@physicsdada001,"2023-06-15 06:12:13",0,no,no,"Bhaiya iska location bhejo do",UC796pIuDPPuhDNEEV6bVBQA,UgxbdFgR3DSLNdwgIq14AaABAg,https://www.youtube.com/watch?v=gf9-SSAPURA&lc=UgxbdFgR3DSLNdwgIq14AaABAg
21,,@navinkumersingh3037,"2023-06-16 03:07:26",4,no,no,"Sir 8th class me admission total fee Kitana hai",UCLe1a4EWsf0TY7eVR2SQzmg,Ugw_dKoYNccFa_4cfrx4AaABAg,https://www.youtube.com/watch?v=gf9-SSAPURA&lc=Ugw_dKoYNccFa_4cfrx4AaABAg
22,,@rohtasgarhfoundation9318,"2023-06-17 08:24:33",0,no,no,"Please send links and contact no.",UCAx9vkNwefC6bh747S3-2DQ,UgxH_qTfrqdfHaNs5EB4AaABAg,https://www.youtube.com/watch?v=gf9-SSAPURA&lc=UgxH_qTfrqdfHaNs5EB4AaABAg
23,,@ghanshyamyadav1984,"2023-06-18 18:42:50",0,no,no,"Fees and hostel ,mess total fees Kitna lagta hi",UCLg03LroxKqrcuvd9s9h3_w,UgxWbIHtQ0VKcFNrDrF4AaABAg,https://www.youtube.com/watch?v=gf9-SSAPURA&lc=UgxWbIHtQ0VKcFNrDrF4AaABAg
24,,@PramodKumar-uz6pz,"2023-06-20 05:58:28",0,no,no,"Sabhi campus ka video dalai...sir",UC7Q-ydFAKvO5AnJMPWENBSA,UgyyHrZ-kvSEvrMb_ZZ4AaABAg,https://www.youtube.com/watch?v=gf9-SSAPURA&lc=UgyyHrZ-kvSEvrMb_ZZ4AaABAg
25,,@veerkumar3172,"2023-06-22 09:56:55",2,no,no,"Sir 9 th class fee + hostel charges please tell me 🤔🤔",UCPj5fvQPRR4YtR1tjsPy-ig,UgwUBpoejJJIj0Vpm7R4AaABAg,https://www.youtube.com/watch?v=gf9-SSAPURA&lc=UgwUBpoejJJIj0Vpm7R4AaABAg
26,,@MonuNagar-gq5pg,"2023-06-28 06:37:37",1,no,no,"Sir study room me jab chaye jab padh sakte hai kya",UCNjqqN6X5xfIBVxEBgdtj0Q,UgwILXtORUtj3lzhH_V4AaABAg,https://www.youtube.com/watch?v=gf9-SSAPURA&lc=UgwILXtORUtj3lzhH_V4AaABAg
27,,@Marjanasandhu,"2023-06-29 15:30:59",0,no,no,"10+1 ,10+2 Since di class sutdy vi hai",UCqYOg3k2OgAAddZrNJUK4Mw,UgxUmLPC8MSEHYa3IdN4AaABAg,https://www.youtube.com/watch?v=gf9-SSAPURA&lc=UgxUmLPC8MSEHYa3IdN4AaABAg
28,,@rik_77,"2023-07-01 05:50:25",4,no,no,"Coaching mafia",UC_Se-PgbcwKmXBgSvF8xqgw,UgwxhDlliABoYW9d7vR4AaABAg,https://www.youtube.com/watch?v=gf9-SSAPURA&lc=UgwxhDlliABoYW9d7vR4AaABAg
29,,@manojpooniamp8929,"2023-07-03 19:59:06",5,no,no,"hamazado  class me 150 bache honge to kaisa development    kaisa sports   kaisi curriculum activities , .  I dont understand , where the government is sleeping , how can government allow such rascals to spoil childhood. There should be some  strict laws in place to handle such overcrowded  and butcher centers.",UCTMkyMCP_IPXy5IwXwXOEUA,Ugz3K5zOJ0IS0vRaqAJ4AaABAg,https://www.youtube.com/watch?v=gf9-SSAPURA&lc=Ugz3K5zOJ0IS0vRaqAJ4AaABAg
30,,@princhu_priya,"2023-07-04 16:58:27",6,no,no,"Sir please tell me hostel fees yearly",UC_xqe4X4iaFyTEDO5IYijEg,UgwLxwKb-8mFbUWeVRR4AaABAg,https://www.youtube.com/watch?v=gf9-SSAPURA&lc=UgwLxwKb-8mFbUWeVRR4AaABAg
31,,@VeerSingh-kj4iq,"2023-07-05 09:23:16",1,no,no,"Sir ji me apni beti ka admition kraunga plaec mujhe contect no de do",UCI_KPIOdGxpoKTYezc8riUA,UgyBs5pzquI-inVn3854AaABAg,https://www.youtube.com/watch?v=gf9-SSAPURA&lc=UgyBs5pzquI-inVn3854AaABAg
32,,@surjakantadas9215,"2023-07-09 12:08:42",0,no,no,"Sir please provide contact number",UCrdhHM1ZBfiYf825o6UMDeg,UgyjTM7mC7ogkwF85vt4AaABAg,https://www.youtube.com/watch?v=gf9-SSAPURA&lc=UgyjTM7mC7ogkwF85vt4AaABAg
33,,@uttarasingh6494,"2023-07-10 00:56:36",1,no,no,"Paise ek baar me luto phir koi dhyan nahi.
Bekoof mat banna",UC6dBawl2sR3E6HgUrABGHNQ,UgwRrZONWupHJ1mn1Ap4AaABAg,https://www.youtube.com/watch?v=gf9-SSAPURA&lc=UgwRrZONWupHJ1mn1Ap4AaABAg
34,,@uttarasingh6494,"2023-07-10 00:57:17",0,no,no,"Bad quality coaching in kalu sarai",UC6dBawl2sR3E6HgUrABGHNQ,UgyD3ZVCbjwYki8Gy2d4AaABAg,https://www.youtube.com/watch?v=gf9-SSAPURA&lc=UgyD3ZVCbjwYki8Gy2d4AaABAg
35,,@Shivansh-f4j,"2023-07-19 13:36:42",4,no,no,"Fee's structure of Residential complex, please inform.",UCPS0unbckLxDHQXC-VumXtA,UgwzJ7njhJbuH3XzoCx4AaABAg,https://www.youtube.com/watch?v=gf9-SSAPURA&lc=UgwzJ7njhJbuH3XzoCx4AaABAg
36,,@Shubhamkr_26,"2023-07-23 17:42:53",3,no,no,"Class 6,7,8,9 ka fee kitna h sir",UC7M7wwVy4YCjC6KQA0a23Cg,UgyI-IEywx9dtJKZ2814AaABAg,https://www.youtube.com/watch?v=gf9-SSAPURA&lc=UgyI-IEywx9dtJKZ2814AaABAg
37,,@akashgope7716,"2023-07-27 17:14:34",0,no,no,"Fee kitna hai",UCcsZv2VnOlwjtDHuzmZFFEA,UgwmlPD4VbPbAXKYqYR4AaABAg,https://www.youtube.com/watch?v=gf9-SSAPURA&lc=UgwmlPD4VbPbAXKYqYR4AaABAg
38,,@JoydebPandey-d7x,"2023-08-01 05:19:57",2,no,no,"Sir fees kinta he",UC0UEJCoKb9e_I3A1el1zIkg,UgzszVZSiUs9YGwkI9V4AaABAg,https://www.youtube.com/watch?v=gf9-SSAPURA&lc=UgzszVZSiUs9YGwkI9V4AaABAg
39,,@SHAILENDRAUPADHYAY-g9j,"2023-08-04 18:36:49",2,no,no,"Abhi se hi life ko cubicals mein kuy daal rahe ho , really it looks like a factory",UCa1pupUks9hcE69pn-WEGfQ,UgxkHG_toZpqBx9FtH14AaABAg,https://www.youtube.com/watch?v=gf9-SSAPURA&lc=UgxkHG_toZpqBx9FtH14AaABAg
40,,@YADAV-17,"2023-08-07 12:09:59",1,no,no,"Sub jhoot  7:35 pr jo piche Lbs campus 😢 bhai. Bus itna  kah raha hun  MAT JANA",UCEbkzJb7Ubhves_a7h5vACA,Ugyn7XHlVFo2kzqA_8N4AaABAg,https://www.youtube.com/watch?v=gf9-SSAPURA&lc=Ugyn7XHlVFo2kzqA_8N4AaABAg
41,,@Siddhivinayak-b8c,"2023-08-07 13:19:21",0,no,no,"What is the yearly fee including hostel,mess,everything",UCDMWdOM-lAycFISsU4nYVWg,UgzQZm_sLNrncD6KfPl4AaABAg,https://www.youtube.com/watch?v=gf9-SSAPURA&lc=UgzQZm_sLNrncD6KfPl4AaABAg
42,,@infablatus999,"2023-08-22 10:03:32",0,no,no,"Ye ho hi nhi skta sports hobby classes sabh dikhava hai",UCpt2HdXvBpPmgNhPtNmgRxg,UgwoAvgKqeXAiZ1aPT94AaABAg,https://www.youtube.com/watch?v=gf9-SSAPURA&lc=UgwoAvgKqeXAiZ1aPT94AaABAg
43,,@uttarasingh6494,"2023-08-26 08:10:49",14,no,no,"Better self study not to run behind marketing. Reality kuchh aur hoti h",UC6dBawl2sR3E6HgUrABGHNQ,UgyNvdVGACuSpvYx5Ah4AaABAg,https://www.youtube.com/watch?v=gf9-SSAPURA&lc=UgyNvdVGACuSpvYx5Ah4AaABAg
44,,@MahendraMishra-c9n,"2023-09-02 11:24:45",0,no,no,"11th12 ka cbse class kese hota he",UC9Hx1vFjSq3AeZA62kaDqZQ,UgxH7iJalIDKuatxxrN4AaABAg,https://www.youtube.com/watch?v=gf9-SSAPURA&lc=UgxH7iJalIDKuatxxrN4AaABAg
45,,@chandanvarma3562,"2023-10-11 03:17:43",2,no,no,"Why would someone sent their children into these factories and that also from 6th grade? Dear parents let them have fun along with their studies? Later, as they grow, it will come to them eventually ?",UCG2fP58v0l03AmYNqMBerKA,UgxinJIC2yM17oJX5jh4AaABAg,https://www.youtube.com/watch?v=gf9-SSAPURA&lc=UgxinJIC2yM17oJX5jh4AaABAg
46,,@TusharKumar-rh6lt,"2023-10-14 11:17:48",0,no,no,"Sar fees to batate kitna hai",UCwws2V1ibRcWxKmdHv6_Ilw,Ugww7RQX6UxwvK_IXdJ4AaABAg,https://www.youtube.com/watch?v=gf9-SSAPURA&lc=Ugww7RQX6UxwvK_IXdJ4AaABAg
47,,@ErenYeager-vy3tl,"2023-10-16 16:41:20",4,no,no,"Those barking in the comments about communication skills and all.....
Ronaldo left his home at the age of 11
I don't see any gap in his so called communication skills 
Will you take their responsibility when they will be unemployed???
Will you give them medical expenses???
Will you give them food expenses???
If no then this "" communication skills "" thing makes no sense at least for Ronaldo who left home at 11",UCb2IEf1Lv5HDToMDKcCTXng,UgxemSObunheMlUu93t4AaABAg,https://www.youtube.com/watch?v=gf9-SSAPURA&lc=UgxemSObunheMlUu93t4AaABAg
48,,@ManasSwargiary-y2t,"2023-10-18 08:22:32",0,no,no,"Phone number  dijiye please sir",UCDzsyBAWnXZGrvRX86xmfXg,Ugy4USp5F1-GO-jGWE14AaABAg,https://www.youtube.com/watch?v=gf9-SSAPURA&lc=Ugy4USp5F1-GO-jGWE14AaABAg
49,,@RohitSharma-mm5py,"2023-10-21 21:22:25",0,no,no,"Yeh baacha ko use karta h",UCLOtyJsupn4At0gR46ZNObw,Ugxb-nrBJZP3gHn6AdZ4AaABAg,https://www.youtube.com/watch?v=gf9-SSAPURA&lc=Ugxb-nrBJZP3gHn6AdZ4AaABAg
50,,@atulishblogs,"2023-10-24 16:27:01",0,no,no,"This campus full address please",UCsCOK9znQabJCbtBheCtFsw,UgzJLH7igvt_5clGJ4R4AaABAg,https://www.youtube.com/watch?v=gf9-SSAPURA&lc=UgzJLH7igvt_5clGJ4R4AaABAg
51,,@atulishblogs,"2023-10-24 16:27:22",0,no,no,"This campus full address please",UCsCOK9znQabJCbtBheCtFsw,UgwC-BjvPMPqxMoLnaZ4AaABAg,https://www.youtube.com/watch?v=gf9-SSAPURA&lc=UgwC-BjvPMPqxMoLnaZ4AaABAg
52,,@allinone8388,"2023-10-26 10:19:52",1,no,no,"Sir please ek vedio or bana dijiye hostel of pncf detail me",UCRR8ksCNIRg8UfVFbIT_kHw,Ugz9KELfs-pH7wZccFl4AaABAg,https://www.youtube.com/watch?v=gf9-SSAPURA&lc=Ugz9KELfs-pH7wZccFl4AaABAg
53,,@AvinashKumar-ww8xu,"2023-10-30 15:00:47",0,no,no,"Want to know total fee for cl 7 nd 9",UCLyZ5rs-HgDyFXU-8FHXC_w,Ugxq_PVHUIz_FLJKDPx4AaABAg,https://www.youtube.com/watch?v=gf9-SSAPURA&lc=Ugxq_PVHUIz_FLJKDPx4AaABAg
54,,@TwoKnees2,"2023-10-31 16:57:27",0,no,no,"Jail hai jail",UCzbr5a7Vq_7fczF9BNl17hA,UgxfOzolyvtF6WzEq7Z4AaABAg,https://www.youtube.com/watch?v=gf9-SSAPURA&lc=UgxfOzolyvtF6WzEq7Z4AaABAg
55,,@shubhamsaw9671,"2023-11-09 07:12:58",0,no,no,"again its a  factory to make product 🐧",UCXEJBy79342JIevYnzFX49w,UgwcqB1esTNLohButrt4AaABAg,https://www.youtube.com/watch?v=gf9-SSAPURA&lc=UgwcqB1esTNLohButrt4AaABAg
56,,@wakilkumar6195,"2023-11-12 16:43:31",4,no,no,"Sir class 6 th  hostal fee kitna hai?",UCDumoeoJP4g3oga_pEbCbMg,UgzOsTsv5Sg_A_4-GiN4AaABAg,https://www.youtube.com/watch?v=gf9-SSAPURA&lc=UgzOsTsv5Sg_A_4-GiN4AaABAg
57,,@Pappajii,"2023-11-18 01:23:10",3,no,no,"Video dekh kar mann kar gaya apne bache ko addmission karwane ka or jarur karwaunga ❤",UCCPkuzvHpM-4_ffjPH9E4rA,UgzK5vy88Ang4fiANo14AaABAg,https://www.youtube.com/watch?v=gf9-SSAPURA&lc=UgzK5vy88Ang4fiANo14AaABAg
58,,@funnylife2221,"2023-11-23 09:56:56",1,no,no,"Love you BM sir ❤❤❤❤❤❤❤❤❤❤❤❤❤",UCdSgZ0W9QLDsvQBNYXCXaaQ,UgyKPSIiZ6DIeDKxvCl4AaABAg,https://www.youtube.com/watch?v=gf9-SSAPURA&lc=UgyKPSIiZ6DIeDKxvCl4AaABAg
59,,@deeptarat4475,"2023-12-08 11:50:50",1,no,no,"Robot banane ki factory",UC6c-ZEOf1ZS0x6WwCw_GG6g,UgzO-uFpp0CAACIH16Z4AaABAg,https://www.youtube.com/watch?v=gf9-SSAPURA&lc=UgzO-uFpp0CAACIH16Z4AaABAg
60,,@abhayranjantiwari5690,"2023-12-15 16:05:43",1,no,no,"Bhai ye sab hai to shi but as a boarding school not for preparation of any exams",UCFo9fnzr3z0IY_Dy7pt0zeA,UgzQM560eikwGJejlT54AaABAg,https://www.youtube.com/watch?v=gf9-SSAPURA&lc=UgzQM560eikwGJejlT54AaABAg
61,,@ravishankarkumar1347,"2023-12-19 04:04:52",2,no,no,"Myank sir",UCF6PS-yvtAYuRlsBiDWDekg,UgwiP9kAab0XUcmSbml4AaABAg,https://www.youtube.com/watch?v=gf9-SSAPURA&lc=UgwiP9kAab0XUcmSbml4AaABAg
62,,@mallah544,"2023-12-27 11:02:41",0,no,no,"Sar mujhe mere bacche ka admission karvana hai to kya karna",UCKMOqIsb2glKNt4ruq8oJAw,UgzC7J3xxnPezxR1i1p4AaABAg,https://www.youtube.com/watch?v=gf9-SSAPURA&lc=UgzC7J3xxnPezxR1i1p4AaABAg
63,,@rishipramanick6823,"2023-12-28 08:02:40",9,no,no,"I also cracked neet in 2023 itself and the problem is indian parents are very much anxious about their child's future that's why they like to indulge them in institutes but the problem is if a child spends his childhood in coaching then when will he enjoy his childhood and after joining the college we feel that those neet prep days were too good only one exam that's it and boards but here sem is there and as well as gold medal exams and neet pg is also there so to parents be wise and let ur child decide his future u guys can self observe ur child the interest of the child in studies matters the most irrespective of streams",UCPdZjy97Z3FjYYcg1af8PjA,UgwDDARwAMFGkfpmHo54AaABAg,https://www.youtube.com/watch?v=gf9-SSAPURA&lc=UgwDDARwAMFGkfpmHo54AaABAg
64,,@ADITYA_KUMAR0206,"2024-01-03 05:12:26",0,no,no,"Is campus ka name kya h koi please btado",UCdXjMx7OA6UHjp7pdGwA4QA,Ugyp3BzlmZyJRNScDhV4AaABAg,https://www.youtube.com/watch?v=gf9-SSAPURA&lc=Ugyp3BzlmZyJRNScDhV4AaABAg
65,,@AmitRai-ho1xg,"2024-01-11 04:53:56",0,no,no,"Fee of fooding and lodging included educational fees",UCJlgAfbJAO5BmcrJktZJUqA,UgxDYU-MbOLKv0dAgPN4AaABAg,https://www.youtube.com/watch?v=gf9-SSAPURA&lc=UgxDYU-MbOLKv0dAgPN4AaABAg
66,,@praveshkumar3735,"2024-01-13 05:19:31",0,no,no,"Is campus ka full address bhejdijiye sir",UCcSWkvAQp3542fJlwbf7_2Q,UgxSWZBWWzdAyGPFbsV4AaABAg,https://www.youtube.com/watch?v=gf9-SSAPURA&lc=UgxSWZBWWzdAyGPFbsV4AaABAg
67,,@MohitTiwari-wv3hs,"2024-01-16 03:39:26",0,no,no,"Mai yahi se passout hua hu😂2 year se",UC2-d8iFkoHfK_zWv1miwwdA,UgyVUl05R_gFgRUAHqR4AaABAg,https://www.youtube.com/watch?v=gf9-SSAPURA&lc=UgyVUl05R_gFgRUAHqR4AaABAg
68,,@Arpit_IITD.27,"2024-01-19 09:09:20",1,no,no,"Kya fayda ab sab band ho jaayega government ne bola he",UCPMzwlklAv9f__JpTURZ6yw,UgxI6f2D06rqXeK_HTF4AaABAg,https://www.youtube.com/watch?v=gf9-SSAPURA&lc=UgxI6f2D06rqXeK_HTF4AaABAg
69,,@PremchandSharma-i2l,"2024-02-02 15:02:20",0,no,no,"Bhaiya yeh konsa campus hai",UCWlsLg1M_AFmbCvveiOjWjQ,UgwBzI1bti-cHou4dsx4AaABAg,https://www.youtube.com/watch?v=gf9-SSAPURA&lc=UgwBzI1bti-cHou4dsx4AaABAg
70,,@dakshyadav946,"2024-02-03 13:24:34",0,no,no,"Bhaiya phone allowed hai",UC6o07-2KC7L5f0OvDeqxhdQ,UgybheVReSPoJRx1Fjh4AaABAg,https://www.youtube.com/watch?v=gf9-SSAPURA&lc=UgybheVReSPoJRx1Fjh4AaABAg
71,,@santoshkumar-ko9tx,"2024-02-15 16:01:42",0,no,no,"Sir fees kha hai sir",UCwnnT0IeLCaBI055eGi4wKw,Ugyfj-r0dBywFPelcCB4AaABAg,https://www.youtube.com/watch?v=gf9-SSAPURA&lc=Ugyfj-r0dBywFPelcCB4AaABAg
72,,@rambhukumarchaudhary484,"2024-02-20 19:43:43",0,no,no,"Kya kharcha hai ji",UC2lOpP7GUUrcit6rmtYu3Lw,UgxhyG_W83rkTW65L4B4AaABAg,https://www.youtube.com/watch?v=gf9-SSAPURA&lc=UgxhyG_W83rkTW65L4B4AaABAg
73,,@ROSEOFROBLOX,"2024-02-24 02:51:38",0,no,no,"Sir gawaliyerme hostel feslity hai",UC7W-Rzd0wdiJd_NtjVLYlsA,Ugy_CO2-AVjAm6ngxZp4AaABAg,https://www.youtube.com/watch?v=gf9-SSAPURA&lc=Ugy_CO2-AVjAm6ngxZp4AaABAg
74,,@zishanahmad22,"2024-03-01 06:13:41",0,no,no,"5 lakhh feees",UCERWduvJom90yhoKSd1bGSw,Ugx3ZHaSvS2UvuJqTv94AaABAg,https://www.youtube.com/watch?v=gf9-SSAPURA&lc=Ugx3ZHaSvS2UvuJqTv94AaABAg
75,,@Aditya_760,"2024-03-03 17:22:58",0,no,no,"Is campus ka naam kya hai?",UCzRTEznK-9jTSkKuqB-dbDg,UgyDS6Hvh6FM7PzJ0214AaABAg,https://www.youtube.com/watch?v=gf9-SSAPURA&lc=UgyDS6Hvh6FM7PzJ0214AaABAg
76,,@sumanbainsla1034,"2024-03-06 18:48:54",0,no,no,"Pncf teacher salary kitni hoti hai after 1 year",UCR_6G2sZskK2-oAWqFgttBQ,Ugz7a_-bQvAsGHNPQDx4AaABAg,https://www.youtube.com/watch?v=gf9-SSAPURA&lc=Ugz7a_-bQvAsGHNPQDx4AaABAg
77,,@RajKomar-t2n,"2024-03-10 06:23:06",1,no,no,"Amit ji gupta sir is the best",UCtH4AfzXc0qQhzaCkdHkkJw,Ugz5UK_N6U9gtqXimMF4AaABAg,https://www.youtube.com/watch?v=gf9-SSAPURA&lc=Ugz5UK_N6U9gtqXimMF4AaABAg
78,,@ShyamkiRadha108,"2024-03-15 06:52:48",0,no,no,"Kitna fee lagta hai",UCrqwfZFYbh1jK8-HsnwJizQ,UgzC5Vdi7-dAO0sON9V4AaABAg,https://www.youtube.com/watch?v=gf9-SSAPURA&lc=UgzC5Vdi7-dAO0sON9V4AaABAg
79,,@TriptiTrivedi-wg6ie,"2024-03-23 04:53:49",0,no,no,"SHIV JYOTI NAME HAI SCHOOL KA 
IS SE ACHA LBS SCHOOL HAI SAB VAHA JANA",UCIflXVr1hGgx6BUqPnYnkMw,UgxkVF5p6IUjQEO9O954AaABAg,https://www.youtube.com/watch?v=gf9-SSAPURA&lc=UgxkVF5p6IUjQEO9O954AaABAg
80,,@TriptiTrivedi-wg6ie,"2024-03-23 04:54:39",0,no,no,"LBS SCHOOL ISI ROAD PE HA 
IS SCHOOL SE PEHLE PADTA HAI",UCIflXVr1hGgx6BUqPnYnkMw,UgwxIbCmlGz8EmesodN4AaABAg,https://www.youtube.com/watch?v=gf9-SSAPURA&lc=UgwxIbCmlGz8EmesodN4AaABAg
81,,@jayannajay460,"2024-03-25 17:38:44",0,no,no,"Non veg milega",UCL2HnkKKYF5p6_AAYxOxVrg,UgxdBluqSQWLC7gzB-t4AaABAg,https://www.youtube.com/watch?v=gf9-SSAPURA&lc=UgxdBluqSQWLC7gzB-t4AaABAg
82,,@rameshyadav6599,"2024-03-30 16:42:42",0,no,no,"बच्चो को कितना फीस है कक्षा 6अपने बच्चा पढना चाहिए हूँ ।",UCkgVeLkW6lenn0k2y14SuIw,UgycyMOwXkU6kWf-BOB4AaABAg,https://www.youtube.com/watch?v=gf9-SSAPURA&lc=UgycyMOwXkU6kWf-BOB4AaABAg
83,,@monindershekhawat7136,"2024-04-10 09:55:07",0,no,no,"Sir parents apne bacho se battein kaise kr sakte...
Pl provide the number",UCTGT0w_OQJrbRV-HtVKfyeg,Ugy7xTVZvoW5rloaM0J4AaABAg,https://www.youtube.com/watch?v=gf9-SSAPURA&lc=Ugy7xTVZvoW5rloaM0J4AaABAg
84,,@surekhamaddewad5305,"2024-05-08 04:46:23",0,no,no,"Where is this",UCxaDusrvH_JL5DokryLhgSQ,UgzYikt10NGd_8rTkW14AaABAg,https://www.youtube.com/watch?v=gf9-SSAPURA&lc=UgzYikt10NGd_8rTkW14AaABAg
85,,@sumansingh6369,"2024-05-26 13:41:41",1,no,no,❤,UC5YE4Kyptu_zxlN1cFKnLYw,UgwIdbAF4szftyoP8y94AaABAg,https://www.youtube.com/watch?v=gf9-SSAPURA&lc=UgwIdbAF4szftyoP8y94AaABAg
86,,@LalitaDevi-wr1yg,"2024-05-31 05:21:21",0,no,no,"Fee kitni hai",UC97CZOF8P4QlzF4bMMx6Ryw,UgydxCuruWgldrk6Pup4AaABAg,https://www.youtube.com/watch?v=gf9-SSAPURA&lc=UgydxCuruWgldrk6Pup4AaABAg
87,,@aarav7382,"2024-06-19 05:07:04",0,no,no,"What's the fees for 10th std. Boy cbse.. Sir.. Plz Reply",UCIJBKLzeqhSIC0NTpeGldEg,UgxWrDqcD3JxjI1QdyB4AaABAg,https://www.youtube.com/watch?v=gf9-SSAPURA&lc=UgxWrDqcD3JxjI1QdyB4AaABAg
88,,@sanjaykumarrathaur1740,"2024-06-23 08:02:17",0,no,no,"Hello 1:01",UCqDn0VsxdxyNDAZT9_fdjUw,Ugz1E_T0QPGCoTVI2B94AaABAg,https://www.youtube.com/watch?v=gf9-SSAPURA&lc=Ugz1E_T0QPGCoTVI2B94AaABAg
89,,@BholakumarSah-er8pe,"2024-06-26 23:29:30",0,no,no,"Sir 6 to 10 hostel fee kitna hai",UC_dS6ZkTKa3Q_C_mNQsT1fQ,UgxAZ523nEYYcB_07Xx4AaABAg,https://www.youtube.com/watch?v=gf9-SSAPURA&lc=UgxAZ523nEYYcB_07Xx4AaABAg
90,,@rajarammeena3836,"2024-06-28 17:07:05",0,no,no,"6th क्लास टोटल फीस क्या है हॉस्टल सहित",UCg-L3332Pz9OaWWqBAy6uVw,Ugy6XmH3kahpVyljdht4AaABAg,https://www.youtube.com/watch?v=gf9-SSAPURA&lc=Ugy6XmH3kahpVyljdht4AaABAg
91,,@JitendraKumar-sw5pf,"2024-07-02 10:10:36",0,no,no,"Fee बताने मे कुछ ज्यादा टाइम लग़ जाता क्या?",UCtBA7g23ogrY4HgUbg93i6w,UgzrT5kcU93X7oKESPd4AaABAg,https://www.youtube.com/watch?v=gf9-SSAPURA&lc=UgzrT5kcU93X7oKESPd4AaABAg
92,,@JitendraKumar-sw5pf,"2024-07-02 10:19:24",0,no,no,"मैंने बात किया, ऐसा कुछ नहीं है. False vdo",UCtBA7g23ogrY4HgUbg93i6w,Ugz6otsOe0ta_ixWokB4AaABAg,https://www.youtube.com/watch?v=gf9-SSAPURA&lc=Ugz6otsOe0ta_ixWokB4AaABAg
93,,@sahil5496,"2024-07-28 10:11:17",2,no,no,"As per my knowledge coaching kids below 16 has to be stopped",UCqvqi3gGJ8cySXcgWewfWhQ,UgwQqr6c-lEQiFzYcwR4AaABAg,https://www.youtube.com/watch?v=gf9-SSAPURA&lc=UgwQqr6c-lEQiFzYcwR4AaABAg
94,,@ANSHHARYANVI,"2024-07-29 13:22:28",0,no,no,"Es building ka address btao please",UCb603TImgm2FpFhGAlQ44Bg,Ugy4WO5DdPAylqBeLYN4AaABAg,https://www.youtube.com/watch?v=gf9-SSAPURA&lc=Ugy4WO5DdPAylqBeLYN4AaABAg
95,,@krishnachoudhary3906,"2024-07-29 14:43:38",0,no,no,"Sir 8th students ka fees kiya hai",UCT0AV-cONVKxYaoaZg2dbFQ,UgxaSqwLXd_7JwwjCj54AaABAg,https://www.youtube.com/watch?v=gf9-SSAPURA&lc=UgxaSqwLXd_7JwwjCj54AaABAg
96,,@SaritaRajbhar-m9q,"2024-07-31 11:28:41",0,no,no,"Kitana fees lagata  Har class ka",UCfq337mEUuv6NpysfOQy5Jg,Ugxqj3Fj574ylVunkLx4AaABAg,https://www.youtube.com/watch?v=gf9-SSAPURA&lc=Ugxqj3Fj574ylVunkLx4AaABAg
97,,@subirmondal2775,"2024-08-18 05:11:17",0,no,no,"Please contact number for admission to Residence",UCXB9_lB8QO4_uRrKVevWhgg,UgyWjoFR-Vz8mqGaXq54AaABAg,https://www.youtube.com/watch?v=gf9-SSAPURA&lc=UgyWjoFR-Vz8mqGaXq54AaABAg
98,,@subirmondal2775,"2024-08-22 13:19:52",0,no,no,"I want to admission for my girl",UCXB9_lB8QO4_uRrKVevWhgg,Ugxhbjd1FoVuF1wMqt54AaABAg,https://www.youtube.com/watch?v=gf9-SSAPURA&lc=Ugxhbjd1FoVuF1wMqt54AaABAg
99,,@TheresAStarman21,"2024-09-18 05:03:58",0,no,no,"This looks so dystopian, kids already being treated to cattle treatment this early in life.",UCcneP_Vp4qkvrrAFStA2L9Q,UgzurCLyOKd22-9rsi14AaABAg,https://www.youtube.com/watch?v=gf9-SSAPURA&lc=UgzurCLyOKd22-9rsi14AaABAg
100,,@tarunchoudhary1828,"2024-10-04 09:35:18",0,no,no,"Sir nantar main bacha ko kharab kar deya jata hai plise",UCwZAEc3_6lrbQc_b8sEOf5Q,UgxrkHjPjp7YI-MTEV94AaABAg,https://www.youtube.com/watch?v=gf9-SSAPURA&lc=UgxrkHjPjp7YI-MTEV94AaABAg
