"full_text","reply_count","favorited"
"भारत जोड़ो यात्रा के दौरान एलन स्टूडेंटस के बीच पहुंचे @RahulGandhi ... जोड़ो जोड़ो भारत जोड़ो के नारे लगवाए। स्टूडेंट्स से बोले You are the future of this country, Love you ALL... इस अवसर पर एलन के निदेशक नवीन माहेश्वरी मौजूद रहे। #BharatJodoYatra #भारतजोडोयात्रा 
@bharatjodo https://t.co/CmsyLNX8gN","61","false"
"Sri Sri ji at #UTSAHKota ,“I can see Future of India in #KotaCity” Praised @SmartCityKota #Kotacoaching #ArtofLiving @VasundharaBJP @SriSri https://t.co/TuX5r43rxx","63","false"
"📷 The King of JEE Advanced 2024 has arrived - Ved Lahoti!

📷 ALLENite Ved shatters records with 355/360 in IIT JEE 2024! (Highest Score Ever 98.61%)

#IITAIR1byALLENKota #AIR1 #JEEAdvancedAIR1 #JEEAIR1 #JEEResult #JEEAdvanced2024 https://t.co/NtcS0v34C7","85","false"
"#NEET_Breaking
NEET UG 2021 Exam Date announced by Education Minister @dpradhanbjp, to be held on 12th September 2021.

#NEETUG2021 #NEET","30","false"
"The Pushpa Fever has caught us too!!

#TopicalSpot #Pushpa #pushparaj #StudentLife #AlluArjun #Sukumar
 
@alluarjun @iamRashmika @Samanthaprabhu2 @PushpaMovie @MythriOfficial https://t.co/FrEaXOir1T","7","false"
"#10kadum ALLEN's Success Saga Continues #AIIMS2017 All India Ranks 1 to 10 from @ALLENkota | #allenrocksaiims #allekota #kotacoaching https://t.co/G7YdfIVeEX","37","false"
"🎥 In this inspiring Topper Spotlight video, we trace the journey of Ved Lahoti, the IIT JEE Advanced 2024 topper, from his early childhood to achieving the highest score ever recorded.

#IITAIR1byALLENKota #AIR1 #JEEAdvancedAIR1 #JEEAIR1 #JEEResult #JEEAdvanced2024 https://t.co/dQWzB3NcUe","18","false"
"#ResultBreaking 🔥
Finally, #JEEAdvanced2022 result is announced.
JEE Advanced 2022 RESULT REACTION! How did #MahitGadhiwala react to his AIR 9 in JEE Advanced? Check his reaction to his IIT-JEE Result in this video

#JEEAdvancedResult #ResultReaction #TopperResult #ALLEN https://t.co/CjeYOiBECk","17","false"
"🎉 Mega Result Celebration: ALLENites scaled the NEET mountain with ALLEN ! 

💯 Watch students celebrate the NEET 2022 Result as brings teachers, toppers, and students together. ALLENite Tanishka scripts success with AIR 1 in NEET #ALLENTanishkaTopsNEET

https://t.co/a1JRUIyBIF https://t.co/6K2sDrMmGm","1","false"
"🏏 Happy Birthday to the man loved across the nation - @msdhoni! 

✨ If you had to pick just one favourite MS Dhoni win, what would that be? 

🌟 Read More to know about him: https://t.co/AxUSdTYZFT

#MSDhoniBirthday #ALLENKota #TopicalDay https://t.co/N6YwUdMaon","10","false"
"Proud to announce that our 2 Years Classroom Course Student #SoyebAftab is scoring 720/720 Marks in #NEET2020 as per his OMR  &amp; Recorded responses released by NTA. The History Once Again has been Made by One and Only ALLEN Student! #ALLENHaitohmumkinhai
#ALLENkota #deshkicoaching https://t.co/cw3hPT5Kts","56","false"
"🎥 Get an exclusive look into Ved Lahoti's extraordinary journey to JEE Advanced Rank 1! 🌟 Join us as he sits down with ALLEN to share his experiences, challenges, and triumphs. Ved opens up about the strategies, support, and sacrifices that led to his success. Discover the… https://t.co/bZfpRKIWWV","25","false"
"An Unbelievable Feat Achieved by #MridulAgarwal!!

Mridul is scoring 348/360 marks, that is, 96.66%, the highest a student has secured in the history of the #IITJEE (Advanced) Exam.

*Marks based on Provisional #JEEAdvanced2021 Answer Key &amp; Recorded Response
#ALLENHaiTohMumkinHai https://t.co/itiYSbdDy2","25","false"
"Toh aa rahe na aap ? Message mila ka nahi 😀✔️ #kotacalling https://t.co/ryl5ihWeyO","102","false"
"In 2018, Soyeb Aftab promised Sh @allen_rajesh Sir &amp; said, ""I will give my 100% to achieve a Top Rank in #NEET"". In 2020- ""The strength that a promise holds is proved.""

Soyeb's commitment has made an indelible mark on the academic world as he scores a perfect 720 in #NEET2020 https://t.co/UuoJbp4N4U","26","false"
"किसी ने महेन्द्र सिंह धोनी को इंस्पीरेशन बनाया तो किसी ने मेडिटेशन से किया खुद को रिलैक्स। यही की ऑफ सक्सेस है नीट यूजी 2023 के टॉपर्स। परिणामों में एलन कॅरियर इस्टीट्यूट प्राइवेट लिमिटेड के विद्यार्थियों ने किया श्रेष्ठ प्रदर्शन और टॉप 20 में बनाई पांच विद्यार्थियों ने जगह। ऑल… https://t.co/Zw07ZmbYfg","40","false"
"All Eyes on ALLENites
Stay Tuned!!
#IITJEEexpectedTopper https://t.co/OvDRgE6pmd","50","false"
"✌ALLEN Result: #NEET2017
 After #Perfect10 in #AIIMS2017 👉 6 in Top 10 AIR in #NEET 🎉Heartiest Congratulations #ALLENrocksNEET #KotaCoaching https://t.co/VLYAeIPPMg","21","false"
"Result #NEETUG2022
ALLEN Kota 2 Year Classroom Student Tanishka secured All India Rank 1 in NEET 2022 ✌️
एलन की छात्रा तनिष्का ने हासिल की आल इंडिया रैंक-1
#ALLENHaiToMumkinHai ✌️😍

#NEET2022Topper #Tanishka #NEET2022AIR1 https://t.co/LV05pGbqbD","16","false"
"#NEET2020 and #JEEMain2020: Supreme Court dismisses pleas seeking postponement of exams https://t.co/5MMb5TkbGu","135","false"
"ALLENsMridul TopsIITJEE scores the highest ever percentage in #IITJEE entrance exam. Out of lakhs of students who appeared for the most prestigious #JEEAdvanced. https://t.co/dLdkKSbrbt
@ndtv 
#KotaCoaching","23","false"
"कैलाश के निवासी, नमू बार-बार हूं... 
भक्ति की सबसे बड़ी पाठशाला में बही भजनों की सरिता। एलन है तो मुमकिन है...क्योंकि यहां शिक्षा भी है, संस्कार भी है और सफलता भी है... #BhaktiKiPathshala https://t.co/mPo3wHz4HZ","2","false"
"Heyy @Nike We were wondering should 'Soyeb Aftab' be getting a customized pair of shoes cause he ""Just Did It"".
He achieved a perfect score of 720/720 and All India Rank- 1 in #NEET2020.
@nikestore

#SoyebAftab #AIR1 #NEET2020 #JustDoIt https://t.co/vKPNRKV6WX","8","false"
"राधा का श्याम दीवाना... भक्ति की सबसे बड़ी पाठशाला में बही भक्ति भजनों से आध्यात्मिक हुआ वातावरण। सुमधुर भजनों के सुरों में विद्यार्थियों ने लगाए गोते ... #BhaktiKiPathshala https://t.co/74FhVn3Kgn","1","false"
"भक्ति की सबसे बड़ी पाठशाला में आध्यात्म के रंग में रंगे लाखों विद्यार्थी। कॅरियर सिटी कोटा में हो रहे अनूठे आयोजन में देखने को मिल रहा विज्ञान और आध्यात्म का अनूठा संगम। देश के कोने-कोने से आए भावी डॉक्टर इंजीनियरों को मिला आध्यात्म से जुड़ने का मौका। 
#BhaktiKiPathshala https://t.co/c1qDtEAcGg","0","false"
"“One day, I hope we can play football together in the sky” - Pele’s message after Diego Maradona died in 2020. 
Enjoy your game, legends 🙏 #Pele https://t.co/jo60d45qLr","4","false"
"🎊 The Sanskar Mahotsav is a notable and momentous event that makes students from all over Kota enraptured as they experienced the devotional dimensions of spirituality at Kota.

#BhaktiKiPathshala #SanskarMahotsav
#ALLENKota https://t.co/OJ3w9L3zVa","1","false"
"Notice: This is to inform all students and parents that due to Heavy Rain and water logging in several areas of KOTA city, the morning shift classes today (22.08.2022) will be off. Students are advised not to leave their hostel/PG.

ALLEN","17","false"
"🎊 Millions of students are immersed in the colors of spirituality in the biggest Bhakti Ki Pathshala. 

✨ A unique confluence of science and spirituality is organized in Kota for future doctors and engineers.

#BhaktiKiPathshala #SanskarMahotsav
#ALLENKota https://t.co/scczlnMPLZ","0","false"
"Thank You @DrRPNishank for answering the question on #NEET2020 and #JEE2020 Exam Schedule. Students, so far there is no change in the exam Date. Stay Focused, You can do it 👍 https://t.co/wNFbCgnIMa","45","false"
"💐 सरल स्वभाव, विराट व्यक्तित्व, सहयोगी कृतित्व और सद् चरित्र के पर्याय वसुधैव कुटुम्बकम की सोच रखते हुए सदैव सहयोग के लिए तत्पर रहने वाले आदरणीय नवीन माहेश्वरी सर को जन्मदिन की कोटिः कोटिः मंगलकामनाएं...💐
- एलन परिवार
@Naveen_ALLEN https://t.co/gTSoV0qHWO","63","false"
"ALLEN's Official Letter to NTA seeking clarifications in relation to NEET (UG) 2024 Result (declared on 4th June 2024) https://t.co/mzpYn7wk7S","0","false"
"✌After #Perfect10 in #AIIMS2017 👉#ALLENRocksNEET
★6  in Top 10 AIR ★12 in Top 20 ★53 in Top 100 in #NEET overall Ranks ✌#Highest #NEET2017 https://t.co/26cKfF2szL","10","false"
"AIIMS MBBS 2017 rocked by @ALLENkota | Historical 10 ranks in Top 10 | clean sweep by ALLEN Career Institute |  #allenrocksaiims #allenkota https://t.co/9UQFvDrOOw","19","false"
"43000 स्टूडेंट्स की सकुशल घर वापसी करवा चुके एलन कॅरियर इंस्टीट्यूट के निदेशक श्री नवीन माहेश्वरी अब घर से दूर कोटा में रह रहे एक-एक स्टूडेंट का सर्वे करवा रहे हैं और घर वापसी की व्यवस्था का रोड मैप बना रहे हैं।
#KotaEvacuationModel को सफल बनाने में एलन अहम भूमिका निभा रहा है..✌️ https://t.co/fpXqINc1xr","11","false"
"Heyy @Zomato Team,
We're celebrating Success of our Student 'Soyeb Aftab' in NEET 2020 with a perfect score 720/720 ✌️

&amp; want to order an Extraaa Large Cheese Burst Pizza of 720 inches...
Can you help😃

@ZomatoIN
#SoyebAftab #NEET2020result #NEET2020","16","false"
"Hey @iitbombay, are you ready for your next CS Batch?? https://t.co/QIh67xvR7V","10","false"
"#ExamCalendar
NTA releases the Examination Calendar for Academic Year 2023-24 for JEE, NEET (UG) &amp; CUET.
#NTA #JEE #NEET #CUET https://t.co/n0vAzd498z","14","false"
"#LatestUpdate #NEET2020
NTA Releases Names of The Examination Centre Cities for NEET 2020. know your centre city..
https://t.co/BFekzjEUtY 
#NEET #ExamCenters #KotaCoaching #ALLENKota","508","false"
"Thanks @verified!
This goes to our #TwitterFamily
The blue verification badge is not just a #BlueTick, but it resembles the love, support &amp; trust you have in us.
Keep Supporting!
#Verified #BlueTick","19","false"
"#JEEResult2018: 🎉Once again ALLEN Students breaking All Records🎉
♦️2 ALLEN Classroom students in Top 10 AIR♦️
♦️11 ALLEN Classroom students in Top 30 AIR♦️
#Kotacoaching #ALLENKota #JEEAdvanced_result #IITJEE #JEEadvanced #JEEAdvanced2018 #30yearsofAllen https://t.co/MV3gleuPbV","13","false"
"#ThePerfectScoreIsPossible
Is it possible to secure a perfect score of 720 in NEET?

Then👉Nobody has ever scored above 700 in NEET
2019👉NALIN scored 701 in NEET'19. Which is the highest anybody has ever scored
2020👉#SOYEBAFTAB 2 Yr Classroom Student scored 720/720 in #NEET2020 https://t.co/kK4yC3xSIK","11","false"
"#NEET2021result #BigUpdate
&amp; Finally NEET (UG) 2021 Result is Declared !!!
@DG_NTA starts sending Score Cards on students' Registered Mail ID...
Check all details: https://t.co/HFb7qtI4go

#NEET2021 #NEETResult2021","18","false"
"🎉3 Reasons to Celebrate

🏏 Virat's T20 Century
💎 Neeraj Chopra's Diamond League Win
✌️ Tanishka's AIR 1 in NEET 2022

@imVkohli @Neeraj_chopra1 @Tanishka14_09

#ViratKohli #NeerajChopra #Tanishka #NEET2022 #AIR1 https://t.co/u4n9zU9PnJ","1","false"
"🏆Once again ALLENite Creates history by Securing AIR-1

🎉#ALLEN 2-Year classroom student TANISHKA secured AIR-1 in #NEETUG2022 exam!

Creating history is our tradition and ALLENites know how to mark it

👏Congratulations to her for securing this milestone!

#NEETResult #NEETUG https://t.co/2kRb85yH1a","15","false"
"🌟 The Sanskar Mahotsav 2022 is abuzz with devotional vibes!

#BhaktiKiPathshala #SanskarMahotsav
#ALLENKota https://t.co/666keiAvMf","2","false"
"कोटा से विशेष ट्रेन से बिहार के लिए रवाना होने वाले कोचिंग स्टूडेंट से कोटा रेलवे स्टेशन पर बातचीत करते एलन के निदेशक नवीन माहेश्वरी। स्टूडेंट्स से कहा ऑल द बेस्ट @Naveen_ALLEN @NitishKumar @ANI @anjanaomkashyap @ravishndtv @DrRPNishank #allenkotasendinghome https://t.co/R4vnHVE2rL","9","false"
"महावीर विक्रम बजरंगी, कुमति निवार सुमति के संगी...
एलन करियर इंस्टिट्यूट के स्थापना दिवस के मौके पर एलन परिवार के हजारों सदस्यों द्वारा सामूहिक हनुमान चालीसा का पाठ कर सुख समृद्धि की कामना की गई।#ALLENDeshKiCoaching https://t.co/cYNCQJN6sN","205","false"
"#KotaEvacuationModel
धनबाद को रवाना होने को तैयार स्टूडेंट्स #स्पेशल_ट्रेन
डायरेक्टर @Naveen_ALLEN सर ने जा रहे बच्चों को बोला #AllTheBest, की सुखद भविष्य की कामना और साथ ही ट्रैन में #SocialDistancing बनाये रखने की भी दी सलाह
#AllenKotaSendingHome
@aajtak @ABPNews @ndtv @ZeeNews https://t.co/WMU3ADwjbb","4","false"
"#NEET2020 #JEE2020 Update  
Dear Students, Honorable @DrRPNishank has asked the @DG_NTA  to submit their recommendations to confirm if the exams need to be rescheduled or not. The final information on the Exam Schedule is expected by tomorrow. Stay tuned!
#allendigitalclasses","19","false"
"#HbdNMsir Many many happy returns of the day @Naveen_ALLEN Sir. Happy Birthday to you 🎂 https://t.co/bJBZG6OKk9","25","false"
"#CBSE Class 10 &amp; 12 Exams scheduled for July 1-15 have been canceled 
• Exams will be conducted when conditions are conducive.
•  A scheme devised where Class 12 students will be assessed on the basis of last 3 exams.
• Student can opt for exam to be conducted later.","20","false"
"🔥 #BreakingNews
NEET (UG) 2024 Result Declared by NTA
#NEET #Result https://t.co/J3FzrRG3w5","23","false"
"Thank you Mr Cool ! 

@msdhoni, no words can express your contribution to the World of Cricket.
Thank You ♥️ #Mahi &amp; #Raina both for giving us uncountable memories
@ImRaina
#thala #sureshraina
#DhoniRetires #rainaretires https://t.co/IPvKld158i","5","false"
"कॅरियर सिटी कोटा में ऑफलाइन पढ़ाई का इंतजार अब हुआ खत्म...✌️✌️
राजस्थान सरकार ने एसओपी जारी करने के साथ ही स्कूल व कोचिंग में ऑफलाइन क्लासेज की अनुमति दे दी है। इससे देशभर के स्टूडेंट्स व पेरेन्ट्स भी खुश हैं।
@narendramodi @ombirlakota @DrRPNishank @ashokgehlot51 @GovindDotasra https://t.co/OTNxNeZnAp","13","false"
"📢  Important Update for #Bihar Students

Read Carefully &amp; share it to Maximum

#KotaEvacuationModel
#AllenKotaSendingHome
#ALLENwithKotaStudents https://t.co/e6LTr0N1RR","46","false"
"लॉकडाउन में घर लौटने के बाद अब एक बार फिर स्टूडेंट्स कोटा लौटने लगे हैं। कोटा का सुरक्षित व व्यवस्थित माहौल इनके लिए अनुकूल साबित हो रहा है। जीरो डिस्टरबेंस में अपनी पढ़ाई जारी कर रहे हैं।
#recallingkota #kotacity #iitjee #neet #jeemain
@narendramodi @HRDMinistry @DrRPNishank https://t.co/FVP7OhoWkB","15","false"
"The Glory of Kota &amp; the Dedication of ALLEN together created History. ALLEN Soyeb NEETtopper becomes the first student in the History of NEET to achieve AIR-1 with a perfect score of 720/720. https://t.co/eRFtkiYI7z","398","false"
"#SuccessStory
If we are resolute and determined about our goal then success is guaranteed.
ALLEN's Parth prepared for #JEEAdvanced while in ICU, Gave Exam Amidst Unbearable Pain, Achieved AIR 35... https://t.co/6hzH591wNC 
#KotaCoaching @timesofindia @ashokgehlot51 @narendramodi https://t.co/5l3PG196Mv","9","false"
"🌟 Let's celebrate the foundation day with a morning walk.

📸 Catch the glimpses of team ALLEN walking &amp; paying homage to the almighty on Foundation Day! 
#35YearsOfALLEN https://t.co/17vd0OFefG","97","false"
"#ALLENsMridulTopsIITJEE
Presenting the JEE Advanced 2021 Topper, Mridul Agarwal 💥
Mridul smashed the IIT JEE result by scoring an astonishing 348/360 (96.66%)
#ALLENhaiToMumkinHai #IITtopper #MridulAgarwal https://t.co/TpH3zWK97Y","13","false"
"ALLEN is all set to celebrate Foundation Day in a grand way for which elaborate plans have been chalked out.

Here are some of the best captured moments from today's events:

#ALLENDeshKiCoaching https://t.co/qcAIPs07kH","99","false"
"आज घनश्याम की शादी है... एलन करियर इंस्टीट्यूट की ओर से आयोजित भक्ति की सबसे बड़ी पाठशाला में हुआ तिरुपति बालाजी की तर्ज पर भगवान लक्ष्मी-वैंकटेश का दिव्य कल्याण उत्सव वैष्णव परम्परा के अनुसार मनाया गया। #BhaktiKiPathshala https://t.co/2Xa6czKCEj","6","false"
"🌟 The biggest Bhakti Ki Pathshala! 

✨ In this unique confluence of science and spirituality, learn the Physics of Life, Maths of Patience and Chemistry of Spirituality.

#BhaktiKiPathshala #SanskarMahotsav #ALLENKota https://t.co/XzFaJy8owm","0","false"
"शिक्षा की काशी कोटा में बह रही भक्ति, आनंद व उत्साह की बयार। एलन कॅरियर इंस्टीट्यूट की ओर से आयोजित भक्ति की सबसे बड़ी पाठशाला में देश के लाखों विद्यार्थियों को मिल रही संस्कारों की सीख। भक्ति भजनों पर झूमे विद्यार्थी... https://t.co/pdmsj5WBD2
#BhaktiKiPathshala #ALLENKota","2","false"
"Hey @aiims_newdelhi Just Keep your arms open, Tanishka is coming 💐

@Tanishka14_09 

#ALLENTanishkaTopsNEET #NEETresult2022 #NEETAir1 https://t.co/PkNyKmn0kf","5","false"
"#ALLENKota creates history as it adds a record-breaking success in the realm of Medical Entrance Examination. Allen's trailblazing student #SoyebAftab scores a perfect 720 in #NEET &amp; creates history. Here are a few glimpses of result celebration..
#NEET2020 #KotaCoaching #NEETUG https://t.co/CTY0Bo595Y","6","false"
"📢 #JEE #NEET Update !!

JEE 2020 &amp; NEET 2020 Exams has been postponed again
@DrRPNishank confirmed the new dates for the exams.
JEE Main examination will be held between 1st-6th Sept, JEE advanced on 27th Sept &amp; NEET on 13th Sept.","4","false"
"Thanks ALLEN, Thanks ASWS !!
बिहार की दो छात्राओं अनम शाजिल और नूर फातिमा ने रोजा अफ्तार के लिए फ्रूट्स और ज्यूस की व्यवस्था करने की मांग की
इस पर #ASWS Team ने #LockDown के बावजूद फ्रूट्स उपलब्ध करवाए।
#RamadanMubarak  to all 🙏🙏
#ALLENwithKotaStudents
@narendramodi @PMOIndia https://t.co/t94tOZ4Ux0","10","false"
"Congratulations @dpradhanbjp ji..
World's largest Youth Population welcomes you as new Education &amp; Skill Development Minister of India. May Indian Education System cheer the new heights under your leadership. 👍👍 https://t.co/ag1GZXlLPs","8","false"
"✌️ALLENites are proving their mettle with every passing national entrance exam!
#NEETUG2021 has sweetened the celebration of JEE (Adv) 2021.
Here are the incredible performers:
🎯Mrinal Kutteri-AIR 1
🎯Aman Tripathi-AIR 4
🎯Suyash Arora, Hrutul Chhag, Hriday Vishal Mohite-AIR 5 https://t.co/9Sv4uRKs1m","39","false"
"प्रदेश में 1 सितम्बर से कोचिंग संस्थान प्रारंभ करने की अनुमति प्रदान करने के लिए माननीय मुख्यमंत्री श्री @ashokgehlot51 व शिक्षा मंत्री श्री @GovindDotasra जी का आभार। विश्वास दिलाते हैं कि एसओपी की पालना के साथ स्टूडेंट्स को स्वस्थ व सुरक्षित माहौल देना प्राथमिकता रहेगी।","7","false"
"#kotaevacuationmodel 
#कोटा में सपनों को सच करने के लिए आने वाले एलन स्टूडेन्ट्स यहां से #संस्कारसेसफलता तक का संकल्प लेकर जाते हैं। इसी का एक उदाहरण यहां भी नजर आ रहा है। #ALLENkota से लौटने के बाद जब आइसोलेशन मिला तो बिना कोई समय गवाए #NEET की तैयारी में जुट गया #thursdayvibes https://t.co/bJbO109kkr","6","false"
"#NEET2021 aspirants waiting for Result 😑 https://t.co/SQwI2g6qwj","11","false"
"नेशनल टेस्टिंग एजेंसी की ओर से मेडिकल प्रवेश परीक्षा नीट यूजी 2024 के परिणामों में एलन कॅरियर इंस्टीट्यूट प्राइवेट लिमिटेड के स्टूडेंट्स छाए हुए हैं। रिजल्ट जारी होते ही कॅरियर सिटी कोटा में स्टूडेंट्स, फैकल्टीज व पेरेन्ट्स ने जमकर जश्न मनाया और मुंह मीठा कर एक-दूसरे को… https://t.co/OQjptMlW8O","298","false"
"🚨 BIG UPDATE for #JEEMAIN2023 Students! 

NTA has released JEE Main 2023 notification for exam dates. 

#IITJEE #JEEMain2023 #JEEMainUpdate #BigAnnouncement #NTA #JEE https://t.co/ZYMbUW4sEc","16","false"
"महाराज गजानन आओ जी, म्हारी सभा म रस बरसाओ जीदेश की सबसे बड़ी भक्ति की पाठशाला, जहां संस्कार से सफलता तक की मिल रही है सीख....
#BhaktiKiPaathshala #SanskarMahotsav #ALLENKota https://t.co/TdiImvsnT0","2","false"
"Our gratitude to @PMOIndia @narendramodi Ji for recognising Kota as #KashiofEducation in the speech at Parliament-#LokSabha 
#KotaCoaching Students &amp; citizens are highly obliged towards the gesture bestowed on #MiniIndia kota. Kota hai toh mumkin hai @ombirlakota @AmitShahOffice https://t.co/EbuajWaacJ","1","false"
"And here comes the most awaited news😀 
#NEET2021 result expected any time soon! Stay Tuned!","7","false"
"From the lanes of Madurai to Silicon Valley, today Sundar Pichai has turned into a name to reckon with. 
We wish him a #HappyBirthday and a successful year ahead. We hope he'll continue to inspire young Indian minds and achieve greater heights in future as well.
#sundarpichai https://t.co/cSJpNnL2gO","2","false"
"#Kotacoaching #Bihar मुजफ्फरपुर, सीतामढ़ी व वैशाली के लिए रात 9 बजे ट्रेन रवाना होगी। बिहार रवाना हो रही सिंगल ट्रिप माइग्रेंट स्पेशल ट्रेनों में 2 कोच एसएलआर, 4 कोच द्वितीय सामान्य श्रेणी तथा 18 कोच शयनयान के हैं, कुल 24 में से 22 कोच में स्टूडेंट यात्रा कर रहे हैं।
#HbdNMsir","24","false"
"🏆Perfect 𝟯𝟬𝟬 𝗼𝘂𝘁 𝗼𝗳 𝟯𝟬𝟬 𝗶𝗻 𝗝𝗘𝗘 𝗠𝗔𝗜𝗡 𝟮𝟬𝟮𝟮 (June Attempt)
👉🏻ALLENite Sneha Pareek (2-Year Regular Classroom Course Student) showcases her brilliance with Perfect 300 Score!
(As per candidate response sheet &amp; correct answers by NTA)

#ALLENKota #KotaCoaching https://t.co/3xmu4Yz7xq","20","false"
"Congratulations India!!! 
It is a proud moment for us as #HarnaazSandhu has been crowned the 70th Miss Universe.
The crown is coming back home after 21 years. All Thanks to @HarnaazSandhu03 💐💐
#MissUniverse2021 #MissUniverse https://t.co/BsKDf8Hvv0","2","false"
"✌️ ALLEN Hai to Mumkin Hai
Every 2nd student in #JEEAdvanced 2021 Top 100 All India Ranks is an ALLENite. 

🏆 Presenting 'The National Achievers' of JEE (Advanced) 2021. 
✔️ 49 ALLENites captured positions in the Top 100 All India Ranks. 

#ALLENhaiToMumkinHai #JEEAdvancedResult https://t.co/aXIZRlaUiX","13","false"
"कोटा को गाइड लाइन का इंतजार
देश के लाखों स्टूडेंट्स व पेरेन्ट्स को #कोटा के #क्लासरूम कोचिंग शुरू होने का इंतजार है। केन्द्र सरकार की स्वीकृति के बाद राज्य सरकार की गाइड लाइन का इंतजार है। स्टूडेंट्स आने लगे हैं, यहां रहकर पढ़ाई शुरू करने लगे हैं।
#recallingkota @rpbreakingnews https://t.co/nuFAj4SiTq","12","false"
"आज ही के दिन 18 अप्रैल 1988 को एलन करियर इंस्टीट्यूट की नींव रखी गई थी। इस वृक्ष की शाखाएं आज देश मे 48 स्टडी सेंटर्स के माध्यम से लाखों स्टूडेंट्स को शिक्षा व संस्कार की छांव प्रदान कर रही है। इस मौके पर एलन के निदेशकों के नेतृत्व में विशाल पदयात्रा निकाली गई।  #35YearsofALLEN https://t.co/yQ8LC6Al3U","46","false"
"""Doctors are Real-Life Superheroes without the Capes,
They are often found saving lives behind the Drapes.""
🙏 Thank you, Superheroes, for your unmatched commitment and indelible services to the society.
#HappyDoctorsDay #ALLENKota #kotacoaching #DoctorsDay #doctorsday2020 https://t.co/v63hBLsoyF","1","false"
"#JEE_Breaking
JEE Main 2021 Session 4 Exam Dates have been revised, Now there is a four-week gap between Session 3rd &amp; 4th.
New Exam Dates are 26, 27, 31 August &amp; 1, 2 September.

#JEEMAIN2021 #JEEMains","3","false"
"ALLEN Result: #NEET2020
Highest No. of Students Qualified Among all Institutes of India
Total: 110350, CCP:79606, DLP:30744

✌️AIR-1 #SOYEBAFTAB 720/720 (Classroom)
&amp; 37 Students in Top 100 AIR

💐Congratulations to all the Future Doctors!
#ALLENKota #KotaCoaching #DeshKiCoaching https://t.co/fL4L0W65I6","8","false"
"कोटा से कोचिंग स्टूडेंट्स के लिए संचालित विशेष ट्रेन के रवाना होने से पूर्व कोटा रेलवे स्टेशन के प्लेटफार्म नंबर एक पर स्टूडेंट से बातचीत करते एलन के निदेशक नवीन माहेश्वरी @Naveen_ALLEN

@ombirlakota @DrRPNishank @ashokgehlot51 @RajCMO @GovindDotasra @NitishKumar @SushilModi https://t.co/XezJfqvlEp","5","false"
"Celebrating the Foundation Day with a Mega Health Check-up Camp, ALLEN Director - Sh. Naveen Maheshwari Sir graced the the ALLEN Satyarth Campus with his presence.

Here's the glimpse of the event - promoting health and wellness at its core.

#ALLENDeshKiCoaching @Naveen_ALLEN https://t.co/ba8wYEa1UZ","124","false"
"#EducationalCity, #Kota has once again created a benchmark by making unique efforts to help students of #KotaCoaching. Students from different states are being sent to their home safely during #Lockdown.  #allenkotasendinghome 
@timesofindia @narendramodi @PMOIndia @ashokgehlot51 https://t.co/FRjzbm9yxm","9","false"
"आत्मिक श्रद्धासुमन
कोचिंग सिटी कोटा की कीर्ति प्रतिस्थापित करने वाले आधारस्तंभ पितृपुरुष श्री विनोद कुमार बंसल (बंसल सर) के देवलोकगमन पर एलन परिवार आत्मिक श्रद्धासुमन अर्पित करता है। 
उनका यह योगदान निश्चय ही अतुल्य और चिरस्मरणीय रहेगा। https://t.co/ZUcQ1JzUQQ","7","false"
"#CareerCityKota सर्वश्रेष्ठ क्योंकि सबसे ज्यादा टॉपर यहीं से निकलते हैं। केयरिंग ऐसी कि लॉकडाउन में स्टूडेंट्स को कोटा ने  अभिभावक की तरह सम्भाला और उन्हें सुरक्षित घर पहुंचाया। आज भी कोचिंग जोन पूरी तरह सुरक्षित व कोरोना मुक्त है। 
@narendramodi @DrRPNishank @HRDMinistry https://t.co/SK8ZPKzJbK","15","false"
"Isn't this the proudest moment for us #Indians!! 🇮🇳
@paraga has been appointed as the new CEO of Twitter. We hope many more students of #IITs rise and take the lead on Tech Platforms in the coming years. 

#CEOs #ParagAgrawal #TwitterCEO https://t.co/ECJuptQGBJ","12","false"
"#Kotacoaching 
Thank you @Naveen_ALLEN sir for ensuring safety &amp; security of all the students. Tirelessly working day &amp; night. And encouraging students till the last bus leaves for the destination. आपके नेतृत्व में पूरा एलन परिवार गौरवान्वित महसूस कर रहा है 🙏🙏
@ombirlakota https://t.co/O8Zi2Vtqy0","6","false"
"#NEET2022 Online Application Begins❗
NTA has just released the Official Notification for the #NEET exam with Important Dates Schedule.
Exam Date: 17 July 2022
Application Ends: 6 May 2022, upto 11.50 PM

Here's the official notification released 👇🏻

#Neetug2022 #NEETexam https://t.co/EscrIeCRmh","7","false"
"📯ALLEN Result: #JEEAdvanced2020
Even Pandemic couldn't stop ALLENites to ace JEE Adv 2020✌️

🏆AIR-3, Vaibhav Raj (Classroom)
🏆AIR-4, Muhender R Rajvee (Classroom)

Think IIT, Think ALLEN..!!

🎯 Authenticity of Result: Power of ALLEN✌️

#ALLENkota #KotaCoaching #DeshKiCoaching https://t.co/GYq9Ai3oXg","13","false"
"एलन कॅरियर इंस्टीट्यूट में संस्कार से सफलता की धारा अविरल बह रही है। विद्यार्थी अपने देश भाषा और समाज से जुड़े रहें, उनके ऐसे संस्कारों के प्रवाह का प्रयास किया जा रहा है। एलन के एक विद्यार्थी की आवाज में सुनिए आखिर क्या है हमारी मातृभाषा हिन्दी की खूबसूरती..

#हिन्दीदिवस #हिंदी https://t.co/7pLGR6ZiI3","4","false"
